-- Додавання даних до таблиці Train
INSERT INTO Train (Train_Number, Departure_Station, Destination_Station, Number_of_Cars, Car_Types, Number_of_Coupe, Number_of_Plac) VALUES
('AB101', 'Харків-Пасажирський', 'Київ-Пасажирський', 5, 'Плацкарт, Купе', 100, 100),
('BC102', 'Харків-Пасажирський', 'Полтава-Київська', 4, 'Плацкарт, Купе', 75, 75),
('CD103', 'Харків-Пасажирський', 'Полтава-Південна', 6, 'Плацкарт, Купе', 110, 110),
('DE104', 'Харків-Пасажирський', 'Полтава-Південна', 6, 'Плацкарт, Купе', 110, 110),
('EF105', 'Харків-Пасажирський', 'Дніпро-Головний', 4, 'Плацкарт, Купе', 90, 90),
('FG106', 'Харків-Пасажирський', 'Дніпро-Головний', 4, 'Плацкарт, Купе', 90, 90),
('GH107', 'Харків-Пасажирський', 'Запоріжжя 1', 5, 'Плацкарт, Купе', 100, 100),
('HI108', 'Харків-Пасажирський', 'Запоріжжя 1', 5, 'Плацкарт, Купе', 100, 100),
('IJ109', 'Харків-Пасажирський', 'Донецьк', 3, 'Плацкарт', 60, 60),
('JK110', 'Харків-Пасажирський', 'Донецьк', 3, 'Плацкарт', 60, 60),
('KL111', 'Харків-Пасажирський', 'Кривий Ріг-Головний', 7, 'Плацкарт, Купе', 125, 125),
('LM112', 'Харків-Пасажирський', 'Кривий Ріг-Головний', 7, 'Плацкарт, Купе', 125, 125),
('MN113', 'Харків-Пасажирський', 'Черкаси', 4, 'Плацкарт, Купе', 90, 90),
('NO114', 'Харків-Пасажирський', 'Черкаси', 4, 'Плацкарт, Купе', 90, 90),
('OP115', 'Харків-Пасажирський', 'Суми', 3, 'Плацкарт', 60, 60),
('PQ116', 'Харків-Пасажирський', 'Суми', 3, 'Плацкарт', 60, 60),
('QR117', 'Харків-Пасажирський', 'Донецьк', 3, 'Плацкарт', 60, 60),
('RS118', 'Харків-Пасажирський', 'Полтава-Київська', 3, 'Плацкарт', 60, 60),
('ST119', 'Харків-Пасажирський', 'Київ-Пасажирський', 5, 'Плацкарт, Купе', 100, 100),
('TU120', 'Харків-Пасажирський', 'Дніпро-Головний', 5, 'Плацкарт, Купе', 100, 100);

-- Додавання даних до таблиці Station
INSERT INTO Station (Station_Name, City) VALUES
('Харків-Пасажирський', 'Харків'),
('Київ-Пасажирський', 'Київ'),
('Полтава-Київська', 'Полтава'),
('Полтава-Південна', 'Полтава'),
('Дніпро-Головний', 'Дніпро'),
('Запоріжжя 1', 'Запоріжжя'),
('Донецьк', 'Донецьк'),
('Кривий Ріг-Головний', 'Кривий Ріг'),
('Черкаси', 'Черкаси'),
('Суми', 'Суми');

-- Додавання даних до таблиці Route
INSERT INTO Route (Train_ID, Station_ID, Route_Length, Price_coupe, Price_plac) VALUES
-- АБ101: Харків-Пасажирський -> Київ-Пасажирський
(1, 2, 480, 400, 300), -- Київ-Пасажирський
-- ВС102: Харків-Пасажирський -> Полтава-Київська
(2, 3, 145, 120, 90), -- Полтава-Київська
-- СД103: Харків-Пасажирський -> Полтава-Південна
(3, 4, 150, 130, 95), -- Полтава-Південна
-- ДЕ104: Харків-Пасажирський -> Полтава-Південна
(4, 4, 150, 130, 95), -- Полтава-Південна
-- ЕФ105: Харків-Пасажирський -> Дніпро-Головний
(5, 5, 220, 180, 140), -- Дніпро-Головний
-- ФГ106: Харків-Пасажирський -> Дніпро-Головний
(6, 5, 220, 180, 140), -- Дніпро-Головний
-- ГХ107: Харків-Пасажирський -> Запоріжжя 1
(7, 6, 280, 210, 160), -- Запоріжжя 1
-- ХІ108: Харків-Пасажирський -> Запоріжжя 1
(8, 6, 280, 210, 160), -- Запоріжжя 1
-- ІЙ109: Харків-Пасажирський -> Донецьк
(9, 7, 350, 0, 200), -- Донецьк
-- ЙК110: Харків-Пасажирський -> Донецьк
(10, 7, 350, 0, 200), -- Донецьк
-- КЛ111: Харків-Пасажирський -> Кривий Ріг-Головний
(11, 8, 370, 300, 250), -- Кривий Ріг-Головний
-- ЛМ112: Харків-Пасажирський -> Кривий Ріг-Головний
(12, 8, 370, 300, 250), -- Кривий Ріг-Головний
-- МН113: Харків-Пасажирський -> Черкаси
(13, 9, 290, 230, 180), -- Черкаси
-- НО114: Харків-Пасажирський -> Черкаси
(14, 9, 290, 230, 180), -- Черкаси
-- ОП115: Харків-Пасажирський -> Суми
(15, 10, 180, 0, 100), -- Суми
-- ПQ116: Харків-Пасажирський -> Суми
(16, 10, 180, 0, 100), -- Суми
-- QR117: Харків-Пасажирський -> Донецьк
(17, 7, 350, 0, 200), -- Донецьк
-- RS118: Харків-Пасажирський -> Полтава-Київська
(18, 3, 145, 120, 90), -- Полтава-Київська
-- ST119: Харків-Пасажирський -> Київ-Пасажирський
(19, 2, 480, 400, 300), -- Київ-Пасажирський
-- ТU120: Харків-Пасажирський -> Дніпро-Головний
(20, 5, 220, 180, 140); -- Дніпро-Головний


-- Додавання даних до таблиці Schedule
INSERT INTO Schedule (Train_Number, Platform, Departure_Date, Departure_Time, Busy_Coupe, Busy_Plac) VALUES
('AB101', '1', '2024-05-31', '08:00:00', 0, 0),
('BC102', '2', '2024-05-31', '08:30:00', 0, 0),
('CD103', '3', '2024-05-31', '09:00:00', 0, 0),
('DE104', '4', '2024-05-31', '09:30:00', 0, 0),
('EF105', '5', '2024-05-31', '10:00:00', 0, 0),
('FG106', '6', '2024-05-31', '10:30:00', 0, 0),
('GH107', '7', '2024-05-31', '11:00:00', 0, 0),
('HI108', '8', '2024-05-31', '11:30:00', 0, 0),
('IJ109', '9', '2024-05-31', '12:00:00', 0, 0),
('JK110', '10', '2024-05-31', '12:30:00', 0, 0),
('KL111', '11', '2024-05-31', '13:00:00', 0, 0),
('LM112', '12', '2024-05-31', '13:30:00', 0, 0),
('MN113', '13', '2024-05-31', '14:00:00', 0, 0),
('NO114', '14', '2024-05-31', '14:30:00', 0, 0),
('OP115', '15', '2024-05-31', '15:00:00', 0, 0),
('PQ116', '16', '2024-05-31', '15:30:00', 0, 0),
('QR117', '17', '2024-05-31', '16:00:00', 0, 0),
('RS118', '18', '2024-05-31', '16:30:00', 0, 0),
('ST119', '19', '2024-05-31', '17:00:00', 0, 0),
('TU120', '20', '2024-05-31', '17:30:00', 0, 0);

-- Вставка даних для поїздів CD103 та DE104
INSERT INTO seats (Train_Number, Car_Number, Car_Type, Seat_Code) VALUES
-- CD103
('CD103', 1, 'Плацкарт', '0301'),
('CD103', 1, 'Плацкарт', '0302'),
('CD103', 1, 'Плацкарт', '0303'),
('CD103', 1, 'Плацкарт', '0304'),
('CD103', 1, 'Плацкарт', '0305'),
('CD103', 1, 'Плацкарт', '0306'),
('CD103', 1, 'Плацкарт', '0307'),
('CD103', 1, 'Плацкарт', '0308'),
('CD103', 1, 'Плацкарт', '0309'),
('CD103', 1, 'Плацкарт', '0310'),
-- DE104
('DE104', 2, 'Купе', '2024-05-31', '09:30:00', '0401'),
('DE104', 2, 'Купе', '2024-05-31', '09:30:00', '0402'),
('DE104', 2, 'Купе', '2024-05-31', '09:30:00', '0403'),
('DE104', 2, 'Купе', '2024-05-31', '09:30:00', '0404'),
('DE104', 2, 'Купе', '2024-05-31', '09:30:00', '0405'),
('DE104', 2, 'Купе', '2024-05-31', '09:30:00', '0406'),
('DE104', 2, 'Купе', '2024-05-31', '09:30:00', '0407'),
('DE104', 2, 'Купе', '2024-05-31', '09:30:00', '0408'),
('DE104', 2, 'Купе', '2024-05-31', '09:30:00', '0409'),
('DE104', 2, 'Купе', '2024-05-31', '09:30:00', '0410');

-- user log
INSERT INTO Users_log (Username, Password, Role) VALUES
    ('admin', 'AdminPass123', 'Admin'),
    ('cashier', 'CashierPass456', 'Cashier');
    